timeOpen;timeClose;timeHigh;timeLow;name;open;high;low;close;volume;marketCap;timestamp
"2025-07-10T00:00:00.000Z";"2025-07-10T23:59:59.999Z";"2025-07-10T23:38:00.000Z";"2025-07-10T21:54:00.000Z";"2781";0.9985129704;1.0046516067;0.9711294245;1.0046516067;269.23;0;"2025-07-10T23:59:59.999Z"
"2025-07-09T00:00:00.000Z";"2025-07-09T23:59:59.999Z";"2025-07-09T03:57:00.000Z";"2025-07-09T18:52:00.000Z";"2781";0.9976511368;1.0034362759;0.9900531278;0.9985129704;0;0;"2025-07-09T23:59:59.999Z"
"2025-07-08T00:00:00.000Z";"2025-07-08T23:59:59.999Z";"2025-07-08T14:57:00.000Z";"2025-07-08T17:16:00.000Z";"2781";0.9985025559;1.0032358409;0.9895517467;0.9976511368;6177.13;0;"2025-07-08T23:59:59.999Z"
"2025-07-07T00:00:00.000Z";"2025-07-07T23:59:59.999Z";"2025-07-07T14:54:00.000Z";"2025-07-07T02:28:00.000Z";"2781";1.0038652936;1.0066409467;0.9954046652;0.9985025559;123.16;0;"2025-07-07T23:59:59.999Z"
"2025-07-06T00:00:00.000Z";"2025-07-06T23:59:59.999Z";"2025-07-06T23:04:00.000Z";"2025-07-06T21:32:00.000Z";"2781";0.9982745301;1.0064689832;0.9866743303;1.0038652936;231.88;0;"2025-07-06T23:59:59.999Z"
"2025-07-05T00:00:00.000Z";"2025-07-05T23:59:59.999Z";"2025-07-05T18:56:00.000Z";"2025-07-05T00:24:00.000Z";"2781";0.9948916871;1.0022224561;0.9948916871;0.9982745301;0;0;"2025-07-05T23:59:59.999Z"
"2025-07-04T00:00:00.000Z";"2025-07-04T23:59:59.999Z";"2025-07-04T06:56:00.000Z";"2025-07-04T22:26:00.000Z";"2781";0.9992923804;1.0079326372;0.9936040536;0.9948916871;0;0;"2025-07-04T23:59:59.999Z"
"2025-07-03T00:00:00.000Z";"2025-07-03T23:59:59.999Z";"2025-07-03T12:54:00.000Z";"2025-07-03T13:56:00.000Z";"2781";1.0026657974;1.0099118927;0.9906895398;0.9992923804;0;0;"2025-07-03T23:59:59.999Z"
"2025-07-02T00:00:00.000Z";"2025-07-02T23:59:59.999Z";"2025-07-02T00:14:00.000Z";"2025-07-02T16:37:00.000Z";"2781";1.0059698291;1.0059698291;0.9908659859;1.0026657974;10.89;0;"2025-07-02T23:59:59.999Z"
"2025-07-01T00:00:00.000Z";"2025-07-01T23:59:59.999Z";"2025-07-01T23:53:00.000Z";"2025-07-01T00:17:00.000Z";"2781";1.0006133939;1.0059698291;0.998491851;1.0059698291;35.01;0;"2025-07-01T23:59:59.999Z"
"2025-06-30T00:00:00.000Z";"2025-06-30T23:59:59.999Z";"2025-06-30T06:44:00.000Z";"2025-06-30T00:27:00.000Z";"2781";0.9920559035;1.005525905;0.9920559035;1.0006133939;23.26;0;"2025-06-30T23:59:59.999Z"
"2025-06-29T00:00:00.000Z";"2025-06-29T23:59:59.999Z";"2025-06-29T14:54:00.000Z";"2025-06-29T22:57:00.000Z";"2781";1.0002132961;1.0029609919;0.9920559035;0.9920559035;0;0;"2025-06-29T23:59:59.999Z"
"2025-06-28T00:00:00.000Z";"2025-06-28T23:59:59.999Z";"2025-06-28T21:24:00.000Z";"2025-06-28T17:54:00.000Z";"2781";1.0001850325;1.001180932;0.9959567373;1.0002132961;6.06;0;"2025-06-28T23:59:59.999Z"
"2025-06-27T00:00:00.000Z";"2025-06-27T23:59:59.999Z";"2025-06-27T17:58:00.000Z";"2025-06-27T21:10:00.000Z";"2781";0.999475024;1.00808855;0.9974782903;1.0001850325;14.91;0;"2025-06-27T23:59:59.999Z"
"2025-06-26T00:00:00.000Z";"2025-06-26T23:59:59.999Z";"2025-06-26T21:59:00.000Z";"2025-06-26T20:53:00.000Z";"2781";1.0036063427;1.0130287288;0.9938444861;0.999475024;0;0;"2025-06-26T23:59:59.999Z"
"2025-06-25T00:00:00.000Z";"2025-06-25T23:59:59.999Z";"2025-06-25T14:45:00.000Z";"2025-06-25T01:42:00.000Z";"2781";0.9976805291;1.0064568186;0.9954420358;1.0036063427;0;0;"2025-06-25T23:59:59.999Z"
"2025-06-24T00:00:00.000Z";"2025-06-24T23:59:59.999Z";"2025-06-24T08:42:00.000Z";"2025-06-24T00:16:00.000Z";"2781";0.9918317998;1.0079606644;0.9918317998;0.9976805291;124.42;0;"2025-06-24T23:59:59.999Z"
"2025-06-23T00:00:00.000Z";"2025-06-23T23:59:59.999Z";"2025-06-23T16:27:00.000Z";"2025-06-23T22:56:00.000Z";"2781";0.9929582739;1.0080375641;0.9841459526;0.9918317998;313.61;0;"2025-06-23T23:59:59.999Z"
"2025-06-22T00:00:00.000Z";"2025-06-22T23:59:59.999Z";"2025-06-22T14:35:00.000Z";"2025-06-22T23:13:00.000Z";"2781";1.0026305111;1.0093690223;0.990600581;0.9929582739;42.88;0;"2025-06-22T23:59:59.999Z"
"2025-06-21T00:00:00.000Z";"2025-06-21T23:59:59.999Z";"2025-06-21T13:52:00.000Z";"2025-06-21T03:54:00.000Z";"2781";1.0015195796;1.0056354093;0.998150156;1.0026305111;11.37;0;"2025-06-21T23:59:59.999Z"
"2025-06-20T00:00:00.000Z";"2025-06-20T23:59:59.999Z";"2025-06-20T15:56:00.000Z";"2025-06-20T07:39:00.000Z";"2781";0.9986109565;1.0058849104;0.9945378023;1.0015195796;0;0;"2025-06-20T23:59:59.999Z"
"2025-06-19T00:00:00.000Z";"2025-06-19T23:59:59.999Z";"2025-06-19T14:43:00.000Z";"2025-06-19T17:56:00.000Z";"2781";0.9985804369;1.0022355959;0.9927811751;0.9986109565;553.07;0;"2025-06-19T23:59:59.999Z"
"2025-06-18T00:00:00.000Z";"2025-06-18T23:59:59.999Z";"2025-06-18T17:34:00.000Z";"2025-06-18T20:52:00.000Z";"2781";1.0004306659;1.007739803;0.9923302251;0.9985804369;81.33;0;"2025-06-18T23:59:59.999Z"
"2025-06-17T00:00:00.000Z";"2025-06-17T23:59:59.999Z";"2025-06-17T15:49:00.000Z";"2025-06-17T02:57:00.000Z";"2781";1.0114413192;1.0141610837;0.9903449616;1.0004306659;2654.68;0;"2025-06-17T23:59:59.999Z"
"2025-06-16T00:00:00.000Z";"2025-06-16T23:59:59.999Z";"2025-06-16T22:54:00.000Z";"2025-06-16T05:57:00.000Z";"2781";0.9989233079;1.0204935219;0.9912290849;1.0114413192;160.03;0;"2025-06-16T23:59:59.999Z"
"2025-06-15T00:00:00.000Z";"2025-06-15T23:59:59.999Z";"2025-06-15T20:53:00.000Z";"2025-06-15T13:59:00.000Z";"2781";0.9968379651;1.0060229795;0.9951334471;0.9989233079;406.78;0;"2025-06-15T23:59:59.999Z"
"2025-06-14T00:00:00.000Z";"2025-06-14T23:59:59.999Z";"2025-06-14T16:50:00.000Z";"2025-06-14T00:03:00.000Z";"2781";0.995957152;1.0060968307;0.995957152;0.9968379651;0;0;"2025-06-14T23:59:59.999Z"
"2025-06-13T00:00:00.000Z";"2025-06-13T23:59:59.999Z";"2025-06-13T00:55:00.000Z";"2025-06-13T16:37:00.000Z";"2781";0.9979304028;1.0242738327;0.989668882;0.995957152;411.99;0;"2025-06-13T23:59:59.999Z"
"2025-06-12T00:00:00.000Z";"2025-06-12T23:59:59.999Z";"2025-06-12T20:49:00.000Z";"2025-06-12T17:23:00.000Z";"2781";1.0087900761;1.0165088041;0.9950900613;0.9979304028;333.16;0;"2025-06-12T23:59:59.999Z"
"2025-06-11T00:00:00.000Z";"2025-06-11T23:59:59.999Z";"2025-06-11T22:23:00.000Z";"2025-06-11T14:59:00.000Z";"2781";0.9974263188;1.0102686661;0.9901773711;1.0087900761;0;0;"2025-06-11T23:59:59.999Z"
"2025-06-10T00:00:00.000Z";"2025-06-10T23:59:59.999Z";"2025-06-10T02:59:00.000Z";"2025-06-10T11:49:00.000Z";"2781";0.9911295863;1.0058013342;0.9863300477;0.9974263188;0;0;"2025-06-10T23:59:59.999Z"
"2025-06-09T00:00:00.000Z";"2025-06-09T23:59:59.999Z";"2025-06-09T02:49:00.000Z";"2025-06-09T23:56:00.000Z";"2781";1.002425307;1.002540338;0.9911295863;0.9911295863;6.72;0;"2025-06-09T23:59:59.999Z"
"2025-06-08T00:00:00.000Z";"2025-06-08T23:59:59.999Z";"2025-06-08T10:50:00.000Z";"2025-06-08T18:58:00.000Z";"2781";0.999804748;1.0036568163;0.9972713454;1.002425307;0;0;"2025-06-08T23:59:59.999Z"
"2025-06-07T00:00:00.000Z";"2025-06-07T23:59:59.999Z";"2025-06-07T00:21:00.000Z";"2025-06-07T03:59:00.000Z";"2781";1.0017471504;1.0066798941;0.9965480313;0.999804748;0;0;"2025-06-07T23:59:59.999Z"
"2025-06-06T00:00:00.000Z";"2025-06-06T23:59:59.999Z";"2025-06-06T17:09:00.000Z";"2025-06-06T04:00:00.000Z";"2781";0.9970598584;1.0036419821;0.992918371;1.0017471504;0;0;"2025-06-06T23:59:59.999Z"
"2025-06-05T00:00:00.000Z";"2025-06-05T23:59:59.999Z";"2025-06-05T20:38:00.000Z";"2025-06-05T12:56:00.000Z";"2781";1.0009839469;1.0238195283;0.9918925217;0.9970598584;0;0;"2025-06-05T23:59:59.999Z"
"2025-06-04T00:00:00.000Z";"2025-06-04T23:59:59.999Z";"2025-06-04T19:21:00.000Z";"2025-06-04T15:17:00.000Z";"2781";0.9994026005;1.0029768684;0.9949329531;1.0009839469;0;0;"2025-06-04T23:59:59.999Z"
"2025-06-03T00:00:00.000Z";"2025-06-03T23:59:59.999Z";"2025-06-03T04:16:00.000Z";"2025-06-03T00:17:00.000Z";"2781";0.9924600322;1.0030170417;0.9924600322;0.9994026005;0;0;"2025-06-03T23:59:59.999Z"
"2025-06-02T00:00:00.000Z";"2025-06-02T23:59:59.999Z";"2025-06-02T03:17:00.000Z";"2025-06-02T23:50:00.000Z";"2781";1.0003490373;1.0082923968;0.9924600322;0.9924600322;135.01;0;"2025-06-02T23:59:59.999Z"
"2025-06-01T00:00:00.000Z";"2025-06-01T23:59:59.999Z";"2025-06-01T02:17:00.000Z";"2025-06-01T22:07:00.000Z";"2781";1.0017674331;1.0063586282;0.9952793529;1.0003490373;86.7;0;"2025-06-01T23:59:59.999Z"
"2025-05-31T00:00:00.000Z";"2025-05-31T23:59:59.999Z";"2025-05-31T01:53:00.000Z";"2025-05-31T13:20:00.000Z";"2781";0.9995785076;1.0059726805;0.9947047894;1.0017674331;18.84;0;"2025-05-31T23:59:59.999Z"
"2025-05-30T00:00:00.000Z";"2025-05-30T23:59:59.999Z";"2025-05-30T01:09:00.000Z";"2025-05-30T20:35:00.000Z";"2781";1.0039024864;1.0193772492;0.9948868662;0.9995785076;538.78;0;"2025-05-30T23:59:59.999Z"
"2025-05-29T00:00:00.000Z";"2025-05-29T23:59:59.999Z";"2025-05-29T14:19:00.000Z";"2025-05-29T02:59:00.000Z";"2781";0.9937122996;1.010047382;0.9905022011;1.0039024864;908.78;0;"2025-05-29T23:59:59.999Z"
"2025-05-28T00:00:00.000Z";"2025-05-28T23:59:59.999Z";"2025-05-28T19:54:00.000Z";"2025-05-28T12:42:00.000Z";"2781";0.9995214331;1.0045701899;0.9925763352;0.9937122996;130.72;0;"2025-05-28T23:59:59.999Z"
"2025-05-27T00:00:00.000Z";"2025-05-27T23:59:59.999Z";"2025-05-27T01:23:00.000Z";"2025-05-27T06:42:00.000Z";"2781";0.9974350442;1.0111438466;0.9890327155;0.9995214331;67.18;0;"2025-05-27T23:59:59.999Z"
"2025-05-26T00:00:00.000Z";"2025-05-26T23:59:59.999Z";"2025-05-26T16:57:00.000Z";"2025-05-26T07:58:00.000Z";"2781";0.9957636747;1.004677278;0.9946921671;0.9974350442;0;0;"2025-05-26T23:59:59.999Z"
"2025-05-25T00:00:00.000Z";"2025-05-25T23:59:59.999Z";"2025-05-25T00:51:00.000Z";"2025-05-25T13:55:00.000Z";"2781";1.0068922999;1.0126279258;0.9955258605;0.9957636747;34.65;0;"2025-05-25T23:59:59.999Z"
"2025-05-24T00:00:00.000Z";"2025-05-24T23:59:59.999Z";"2025-05-24T21:29:00.000Z";"2025-05-24T03:27:00.000Z";"2781";1.0032932877;1.0068922999;0.9959721174;1.0068922999;0;0;"2025-05-24T23:59:59.999Z"
"2025-05-23T00:00:00.000Z";"2025-05-23T23:59:59.999Z";"2025-05-23T11:59:00.000Z";"2025-05-23T02:15:00.000Z";"2781";0.9962865767;1.0246782955;0.9909275529;1.0032932877;4668.53;0;"2025-05-23T23:59:59.999Z"
"2025-05-22T00:00:00.000Z";"2025-05-22T23:59:59.999Z";"2025-05-22T16:40:00.000Z";"2025-05-22T04:58:00.000Z";"2781";0.9969360153;1.0067223447;0.9893916143;0.9962865767;613.8;0;"2025-05-22T23:59:59.999Z"
"2025-05-21T00:00:00.000Z";"2025-05-21T23:59:59.999Z";"2025-05-21T17:25:00.000Z";"2025-05-21T16:55:00.000Z";"2781";0.9982755762;1.0123868656;0.9882261704;0.9969360153;42.38;0;"2025-05-21T23:59:59.999Z"
"2025-05-20T00:00:00.000Z";"2025-05-20T23:59:59.999Z";"2025-05-20T12:43:00.000Z";"2025-05-20T02:37:00.000Z";"2781";0.9957892315;1.006567454;0.9875989937;0.9982755762;131.95;0;"2025-05-20T23:59:59.999Z"
"2025-05-19T00:00:00.000Z";"2025-05-19T23:59:59.999Z";"2025-05-19T00:35:00.000Z";"2025-05-19T00:02:00.000Z";"2781";0.9866174586;1.0105662971;0.9866174586;0.9957892315;281.97;0;"2025-05-19T23:59:59.999Z"
"2025-05-18T00:00:00.000Z";"2025-05-18T23:59:59.999Z";"2025-05-18T18:03:00.000Z";"2025-05-18T23:59:00.000Z";"2781";0.9970873789;1.0141086735;0.9866174586;0.9866174586;222.49;0;"2025-05-18T23:59:59.999Z"
"2025-05-17T00:00:00.000Z";"2025-05-17T23:59:59.999Z";"2025-05-17T01:21:00.000Z";"2025-05-17T18:22:00.000Z";"2781";1.0023211091;1.0109391274;0.9955294125;0.9970873789;0;0;"2025-05-17T23:59:59.999Z"
"2025-05-16T00:00:00.000Z";"2025-05-16T23:59:59.999Z";"2025-05-16T22:57:00.000Z";"2025-05-16T02:17:00.000Z";"2781";0.9996185291;1.0064115075;0.992266803;1.0023211091;267.24;0;"2025-05-16T23:59:59.999Z"
"2025-05-15T00:00:00.000Z";"2025-05-15T23:59:59.999Z";"2025-05-15T18:55:00.000Z";"2025-05-15T00:53:00.000Z";"2781";0.998645189;1.0107826761;0.9928526205;0.9996185291;121.5;0;"2025-05-15T23:59:59.999Z"
"2025-05-14T00:00:00.000Z";"2025-05-14T23:59:59.999Z";"2025-05-14T09:47:00.000Z";"2025-05-14T01:58:00.000Z";"2781";0.9978401967;1.0127354207;0.9939435559;0.998645189;456.79;0;"2025-05-14T23:59:59.999Z"
"2025-05-13T00:00:00.000Z";"2025-05-13T23:59:59.999Z";"2025-05-13T23:31:00.000Z";"2025-05-13T19:15:00.000Z";"2781";0.9991680815;1.0084822545;0.9888973729;0.9978401967;2201.2;0;"2025-05-13T23:59:59.999Z"
"2025-05-12T00:00:00.000Z";"2025-05-12T23:59:59.999Z";"2025-05-12T18:58:00.000Z";"2025-05-12T07:36:00.000Z";"2781";1.0037676807;1.0197584952;0.9841944089;0.9991680815;2239.77;0;"2025-05-12T23:59:59.999Z"
"2025-05-11T00:00:00.000Z";"2025-05-11T23:59:59.999Z";"2025-05-11T15:59:00.000Z";"2025-05-11T18:58:00.000Z";"2781";0.9995651229;1.0155851107;0.9941074542;1.0037676807;0;0;"2025-05-11T23:59:59.999Z"
"2025-05-10T00:00:00.000Z";"2025-05-10T23:59:59.999Z";"2025-05-10T18:40:00.000Z";"2025-05-10T08:16:00.000Z";"2781";1.0007467714;1.003660002;0.9844761843;0.9995651229;0;0;"2025-05-10T23:59:59.999Z"
"2025-05-09T00:00:00.000Z";"2025-05-09T23:59:59.999Z";"2025-05-09T14:42:00.000Z";"2025-05-09T07:24:00.000Z";"2781";0.992329826;1.0229707479;0.9827084296;1.0007467714;0;0;"2025-05-09T23:59:59.999Z"
"2025-05-08T00:00:00.000Z";"2025-05-08T23:59:59.999Z";"2025-05-08T00:10:00.000Z";"2025-05-08T15:55:00.000Z";"2781";1.0002559741;1.0002559741;0.9757212968;0.992329826;0;0;"2025-05-08T23:59:59.999Z"
"2025-05-07T00:00:00.000Z";"2025-05-07T23:59:59.999Z";"2025-05-07T19:39:00.000Z";"2025-05-07T00:38:00.000Z";"2781";0.9904224229;1.0061348468;0.9895916189;1.0002559741;728.91;0;"2025-05-07T23:59:59.999Z"
"2025-05-06T00:00:00.000Z";"2025-05-06T23:59:59.999Z";"2025-05-06T12:42:00.000Z";"2025-05-06T22:59:00.000Z";"2781";0.9969013196;1.0059591769;0.9904224229;0.9904224229;0;0;"2025-05-06T23:59:59.999Z"
"2025-05-05T00:00:00.000Z";"2025-05-05T23:59:59.999Z";"2025-05-05T01:42:00.000Z";"2025-05-05T14:02:00.000Z";"2781";1.0043994692;1.0107140855;0.9937706403;0.9969013196;249.63;0;"2025-05-05T23:59:59.999Z"
"2025-05-04T00:00:00.000Z";"2025-05-04T23:59:59.999Z";"2025-05-04T23:42:00.000Z";"2025-05-04T02:59:00.000Z";"2781";1.0013095883;1.0043994692;0.9967631911;1.0043994692;210.08;0;"2025-05-04T23:59:59.999Z"
"2025-05-03T00:00:00.000Z";"2025-05-03T23:59:59.999Z";"2025-05-03T06:52:00.000Z";"2025-05-03T21:52:00.000Z";"2781";1.0034781337;1.0040214819;0.9960476133;1.0013095883;190.03;0;"2025-05-03T23:59:59.999Z"
"2025-05-02T00:00:00.000Z";"2025-05-02T23:59:59.999Z";"2025-05-02T07:11:00.000Z";"2025-05-02T16:58:00.000Z";"2781";1.0022903358;1.003676702;0.9975620266;1.0034781337;0;0;"2025-05-02T23:59:59.999Z"
"2025-05-01T00:00:00.000Z";"2025-05-01T23:59:59.999Z";"2025-05-01T23:50:00.000Z";"2025-05-01T15:18:00.000Z";"2781";1.0005361617;1.0022903358;0.9899220844;1.0022903358;140.38;0;"2025-05-01T23:59:59.999Z"
"2025-04-30T00:00:00.000Z";"2025-04-30T23:59:59.999Z";"2025-04-30T13:58:00.000Z";"2025-04-30T14:46:00.000Z";"2781";1.0000003343;1.0116872691;0.9950118291;1.0005361617;0;0;"2025-04-30T23:59:59.999Z"
"2025-04-29T00:00:00.000Z";"2025-04-29T23:59:59.999Z";"2025-04-29T21:56:00.000Z";"2025-04-29T07:40:00.000Z";"2781";0.9959701904;1.0055494202;0.9959249958;1.0000003343;295.12;0;"2025-04-29T23:59:59.999Z"
"2025-04-28T00:00:00.000Z";"2025-04-28T23:59:59.999Z";"2025-04-28T15:49:00.000Z";"2025-04-28T19:17:00.000Z";"2781";1.0018533816;1.0110936688;0.9865111888;0.9959701904;0;0;"2025-04-28T23:59:59.999Z"
"2025-04-27T00:00:00.000Z";"2025-04-27T23:59:59.999Z";"2025-04-27T05:37:00.000Z";"2025-04-27T00:21:00.000Z";"2781";1.0011690755;1.0060926259;0.9899895636;1.0018533816;900.04;0;"2025-04-27T23:59:59.999Z"
"2025-04-26T00:00:00.000Z";"2025-04-26T23:59:59.999Z";"2025-04-26T11:53:00.000Z";"2025-04-26T02:49:00.000Z";"2781";0.9989460706;1.0061683026;0.9948477693;1.0011690755;1274.71;0;"2025-04-26T23:59:59.999Z"
"2025-04-25T00:00:00.000Z";"2025-04-25T23:59:59.999Z";"2025-04-25T02:59:00.000Z";"2025-04-25T15:28:00.000Z";"2781";0.998009408;1.0078060399;0.9922189855;0.9989460706;0;0;"2025-04-25T23:59:59.999Z"
"2025-04-24T00:00:00.000Z";"2025-04-24T23:59:59.999Z";"2025-04-24T03:59:00.000Z";"2025-04-24T14:10:00.000Z";"2781";1.0001731978;1.0061716314;0.992318823;0.998009408;134.34;0;"2025-04-24T23:59:59.999Z"
"2025-04-23T00:00:00.000Z";"2025-04-23T23:59:59.999Z";"2025-04-23T00:51:00.000Z";"2025-04-23T12:58:00.000Z";"2781";0.9954378703;1.0025175264;0.9895146607;1.0001731978;42.34;0;"2025-04-23T23:59:59.999Z"
"2025-04-22T00:00:00.000Z";"2025-04-22T23:59:59.999Z";"2025-04-22T17:20:00.000Z";"2025-04-22T07:35:00.000Z";"2781";0.9995715487;1.0030697204;0.9819060615;0.9954378703;68.41;0;"2025-04-22T23:59:59.999Z"
"2025-04-21T00:00:00.000Z";"2025-04-21T23:59:59.999Z";"2025-04-21T16:57:00.000Z";"2025-04-21T00:29:00.000Z";"2781";0.9982445974;1.0052570247;0.9880692832;0.9995715487;0;0;"2025-04-21T23:59:59.999Z"
"2025-04-20T00:00:00.000Z";"2025-04-20T23:59:59.999Z";"2025-04-20T11:47:00.000Z";"2025-04-20T20:07:00.000Z";"2781";1.0010616057;1.0039963395;0.9939028654;0.9982445974;32.38;0;"2025-04-20T23:59:59.999Z"
"2025-04-19T00:00:00.000Z";"2025-04-19T23:59:59.999Z";"2025-04-19T10:50:00.000Z";"2025-04-19T04:49:00.000Z";"2781";0.9986546267;1.0018989809;0.9917336446;1.0010616057;13.63;0;"2025-04-19T23:59:59.999Z"
"2025-04-18T00:00:00.000Z";"2025-04-18T23:59:59.999Z";"2025-04-18T16:41:00.000Z";"2025-04-18T07:54:00.000Z";"2781";0.998632302;0.9999550291;0.9979250384;0.9986546267;0;0;"2025-04-18T23:59:59.999Z"
"2025-04-17T00:00:00.000Z";"2025-04-17T23:59:59.999Z";"2025-04-17T14:51:00.000Z";"2025-04-17T16:36:00.000Z";"2781";1.0045447121;1.0090876877;0.9904486114;0.998632302;85.17;0;"2025-04-17T23:59:59.999Z"
"2025-04-16T00:00:00.000Z";"2025-04-16T23:59:59.999Z";"2025-04-16T05:34:00.000Z";"2025-04-16T15:26:00.000Z";"2781";1.0033414141;1.0107829577;0.9923911168;1.0045447121;225.36;0;"2025-04-16T23:59:59.999Z"
"2025-04-15T00:00:00.000Z";"2025-04-15T23:59:59.999Z";"2025-04-15T14:52:00.000Z";"2025-04-15T13:56:00.000Z";"2781";1.0004534182;1.0135196906;0.992047072;1.0033414141;248.13;0;"2025-04-15T23:59:59.999Z"
"2025-04-14T00:00:00.000Z";"2025-04-14T23:59:59.999Z";"2025-04-14T15:40:00.000Z";"2025-04-14T02:46:00.000Z";"2781";0.9970983245;1.0156754009;0.9813264153;1.0004534182;1684.34;0;"2025-04-14T23:59:59.999Z"
"2025-04-13T00:00:00.000Z";"2025-04-13T23:59:59.999Z";"2025-04-13T19:45:00.000Z";"2025-04-13T17:55:00.000Z";"2781";0.9953785675;1.0146907743;0.984583982;0.9970983245;294.6;0;"2025-04-13T23:59:59.999Z"
"2025-04-12T00:00:00.000Z";"2025-04-12T23:59:59.999Z";"2025-04-12T16:58:00.000Z";"2025-04-12T14:10:00.000Z";"2781";1.0025732989;1.005135366;0.9856520577;0.9953785675;0;0;"2025-04-12T23:59:59.999Z"
"2025-04-11T00:00:00.000Z";"2025-04-11T23:59:59.999Z";"2025-04-11T00:59:00.000Z";"2025-04-11T01:35:00.000Z";"2781";1.0041557974;1.0054759524;0.9870228729;1.0025732989;217.67;0;"2025-04-11T23:59:59.999Z"
"2025-04-10T00:00:00.000Z";"2025-04-10T23:59:59.999Z";"2025-04-10T15:44:00.000Z";"2025-04-10T12:35:00.000Z";"2781";0.9987574292;1.0280248309;0.9919889625;1.0041557974;343.69;0;"2025-04-10T23:59:59.999Z"
"2025-04-09T00:00:00.000Z";"2025-04-09T23:59:59.999Z";"2025-04-09T01:35:00.000Z";"2025-04-09T17:33:00.000Z";"2781";0.9989638456;1.0236903931;0.9661576162;0.9987574292;0;0;"2025-04-09T23:59:59.999Z"
"2025-04-08T00:00:00.000Z";"2025-04-08T23:59:59.999Z";"2025-04-08T15:42:00.000Z";"2025-04-08T02:13:00.000Z";"2781";1.0054552065;1.0162312599;0.9859033373;0.9989638456;1419.41;0;"2025-04-08T23:59:59.999Z"
"2025-04-07T00:00:00.000Z";"2025-04-07T23:59:59.999Z";"2025-04-07T03:42:00.000Z";"2025-04-07T14:23:00.000Z";"2781";1.0132938063;1.0145735492;0.9508674322;1.0054552065;732.58;0;"2025-04-07T23:59:59.999Z"
"2025-04-06T00:00:00.000Z";"2025-04-06T23:59:59.999Z";"2025-04-06T18:28:00.000Z";"2025-04-06T00:18:00.000Z";"2781";0.9978191834;1.0179391018;0.9978191834;1.0132938063;754.23;0;"2025-04-06T23:59:59.999Z"
"2025-04-05T00:00:00.000Z";"2025-04-05T23:59:59.999Z";"2025-04-05T05:07:00.000Z";"2025-04-05T22:22:00.000Z";"2781";1.0016098017;1.0022214177;0.9978191834;0.9978191834;0;0;"2025-04-05T23:59:59.999Z"
"2025-04-04T00:00:00.000Z";"2025-04-04T23:59:59.999Z";"2025-04-04T02:01:00.000Z";"2025-04-04T17:58:00.000Z";"2781";0.9961890225;1.0087906871;0.9881298371;1.0016098017;3288.12;0;"2025-04-04T23:59:59.999Z"
"2025-04-03T00:00:00.000Z";"2025-04-03T23:59:59.999Z";"2025-04-03T12:52:00.000Z";"2025-04-03T21:10:00.000Z";"2781";1.0079271471;1.0171804323;0.992838399;0.9961890225;785.92;0;"2025-04-03T23:59:59.999Z"
"2025-04-02T00:00:00.000Z";"2025-04-02T23:59:59.999Z";"2025-04-02T22:55:00.000Z";"2025-04-02T20:23:00.000Z";"2781";0.9975805674;1.0211404079;0.9837339073;1.0079271471;1304.23;0;"2025-04-02T23:59:59.999Z"
"2025-04-01T00:00:00.000Z";"2025-04-01T23:59:59.999Z";"2025-04-01T00:55:00.000Z";"2025-04-01T15:21:00.000Z";"2781";1.0049486893;1.0049486893;0.9828955093;0.9975805674;0;0;"2025-04-01T23:59:59.999Z"
"2025-03-31T00:00:00.000Z";"2025-03-31T23:59:59.999Z";"2025-03-31T00:47:00.000Z";"2025-03-31T12:53:00.000Z";"2781";0.9937988164;1.0090554577;0.9852789431;1.0049486893;0;0;"2025-03-31T23:59:59.999Z"
"2025-03-30T00:00:00.000Z";"2025-03-30T23:59:59.999Z";"2025-03-30T22:12:00.000Z";"2025-03-30T22:38:00.000Z";"2781";1.0005235378;1.0159008828;0.9937987789;0.9937988164;0;0;"2025-03-30T23:59:59.999Z"
"2025-03-29T00:00:00.000Z";"2025-03-29T23:59:59.999Z";"2025-03-29T17:23:00.000Z";"2025-03-29T00:19:00.000Z";"2781";0.9967067993;1.0130391295;0.9952529191;1.0005235378;0;0;"2025-03-29T23:59:59.999Z"
"2025-03-28T00:00:00.000Z";"2025-03-28T23:59:59.999Z";"2025-03-28T04:48:00.000Z";"2025-03-28T22:38:00.000Z";"2781";1.0025634418;1.0219362531;0.9967067993;0.9967067993;0;0;"2025-03-28T23:59:59.999Z"
"2025-03-27T00:00:00.000Z";"2025-03-27T23:59:59.999Z";"2025-03-27T13:35:00.000Z";"2025-03-27T14:47:00.000Z";"2781";1.0016840596;1.0045240014;0.9950782403;1.0025634418;33.8;0;"2025-03-27T23:59:59.999Z"
"2025-03-26T00:00:00.000Z";"2025-03-26T23:59:59.999Z";"2025-03-26T14:26:00.000Z";"2025-03-26T00:59:00.000Z";"2781";1.0021342733;1.0100605744;0.9971553671;1.0016840596;0;0;"2025-03-26T23:59:59.999Z"
"2025-03-25T00:00:00.000Z";"2025-03-25T23:59:59.999Z";"2025-03-25T03:58:00.000Z";"2025-03-25T13:34:00.000Z";"2781";1.0026183853;1.0073403248;0.9953454598;1.0021342733;4078.23;0;"2025-03-25T23:59:59.999Z"
"2025-03-24T00:00:00.000Z";"2025-03-24T23:59:59.999Z";"2025-03-24T01:59:00.000Z";"2025-03-24T05:10:00.000Z";"2781";0.9981091103;1.0041767808;0.9902974024;1.0026183853;0;0;"2025-03-24T23:59:59.999Z"
"2025-03-23T00:00:00.000Z";"2025-03-23T23:59:59.999Z";"2025-03-23T11:56:00.000Z";"2025-03-23T10:20:00.000Z";"2781";0.9993441406;1.0023556494;0.9965895734;0.9981091103;47.59;0;"2025-03-23T23:59:59.999Z"
"2025-03-22T00:00:00.000Z";"2025-03-22T23:59:59.999Z";"2025-03-22T14:50:00.000Z";"2025-03-22T09:27:00.000Z";"2781";0.9988206741;1.0017892755;0.9947345482;0.9993441406;0;0;"2025-03-22T23:59:59.999Z"
"2025-03-21T00:00:00.000Z";"2025-03-21T23:59:59.999Z";"2025-03-21T10:39:00.000Z";"2025-03-21T01:21:00.000Z";"2781";0.997670924;1.0038270714;0.9954210378;0.9988206741;0;0;"2025-03-21T23:59:59.999Z"
"2025-03-20T00:00:00.000Z";"2025-03-20T23:59:59.999Z";"2025-03-20T10:49:00.000Z";"2025-03-20T00:36:00.000Z";"2781";0.9950353663;1.0118341725;0.9950353663;0.997670924;4033.16;0;"2025-03-20T23:59:59.999Z"
"2025-03-19T00:00:00.000Z";"2025-03-19T23:59:59.999Z";"2025-03-19T18:14:00.000Z";"2025-03-19T10:46:00.000Z";"2781";0.992259721;1.0104780006;0.9847675124;0.9950353663;12045.93;0;"2025-03-19T23:59:59.999Z"
"2025-03-18T00:00:00.000Z";"2025-03-18T23:59:59.999Z";"2025-03-18T01:58:00.000Z";"2025-03-18T23:46:00.000Z";"2781";1.002295247;1.006888825;0.992259721;0.992259721;4363.96;0;"2025-03-18T23:59:59.999Z"
"2025-03-17T00:00:00.000Z";"2025-03-17T23:59:59.999Z";"2025-03-17T06:44:00.000Z";"2025-03-17T01:03:00.000Z";"2781";1.0028123166;1.0057865568;0.9933276044;1.002295247;4355.14;0;"2025-03-17T23:59:59.999Z"
"2025-03-16T00:00:00.000Z";"2025-03-16T23:59:59.999Z";"2025-03-16T11:53:00.000Z";"2025-03-16T16:30:00.000Z";"2781";1.0009524397;1.0117563054;0.992984647;1.0028123166;0;0;"2025-03-16T23:59:59.999Z"
"2025-03-15T00:00:00.000Z";"2025-03-15T23:59:59.999Z";"2025-03-15T23:39:00.000Z";"2025-03-15T17:43:00.000Z";"2781";0.9992841802;1.0009524397;0.996972628;1.0009524397;511.55;0;"2025-03-15T23:59:59.999Z"
"2025-03-14T00:00:00.000Z";"2025-03-14T23:59:59.999Z";"2025-03-14T14:30:00.000Z";"2025-03-14T15:38:00.000Z";"2781";0.9980831627;1.0029571865;0.9921819308;0.9992841802;0;0;"2025-03-14T23:59:59.999Z"
"2025-03-13T00:00:00.000Z";"2025-03-13T23:59:59.999Z";"2025-03-13T17:20:00.000Z";"2025-03-13T22:54:00.000Z";"2781";0.9977333309;1.0084211904;0.9931048244;0.9980831627;3894.73;0;"2025-03-13T23:59:59.999Z"
"2025-03-12T00:00:00.000Z";"2025-03-12T23:59:59.999Z";"2025-03-12T15:11:00.000Z";"2025-03-12T12:38:00.000Z";"2781";1.0057915177;1.0161419838;0.9873813634;0.9977333309;2525.99;0;"2025-03-12T23:59:59.999Z"
"2025-03-11T00:00:00.000Z";"2025-03-11T23:59:59.999Z";"2025-03-11T00:54:00.000Z";"2025-03-11T05:29:00.000Z";"2781";1.0038083039;1.0293788529;0.9833152893;1.0057915177;2198.49;0;"2025-03-11T23:59:59.999Z"
"2025-03-10T00:00:00.000Z";"2025-03-10T23:59:59.999Z";"2025-03-10T19:42:00.000Z";"2025-03-10T12:40:00.000Z";"2781";1.0035867107;1.0301160785;0.98847844;1.0038083039;0;0;"2025-03-10T23:59:59.999Z"
"2025-03-09T00:00:00.000Z";"2025-03-09T23:59:59.999Z";"2025-03-09T16:48:00.000Z";"2025-03-09T23:43:00.000Z";"2781";1.0013943964;1.0119681139;0.9975467086;1.0035867107;1177.26;0;"2025-03-09T23:59:59.999Z"
"2025-03-08T00:00:00.000Z";"2025-03-08T23:59:59.999Z";"2025-03-08T01:36:00.000Z";"2025-03-08T17:22:00.000Z";"2781";0.9976601382;1.0051263127;0.9897450989;1.0013943964;20611.63;0;"2025-03-08T23:59:59.999Z"
"2025-03-07T00:00:00.000Z";"2025-03-07T23:59:59.999Z";"2025-03-07T00:38:00.000Z";"2025-03-07T14:50:00.000Z";"2781";1.0028431232;1.023004737;0.9800627407;0.9976601382;36732.78;0;"2025-03-07T23:59:59.999Z"
"2025-03-06T00:00:00.000Z";"2025-03-06T23:59:59.999Z";"2025-03-06T17:50:00.000Z";"2025-03-06T01:51:00.000Z";"2781";0.9986745946;1.0166352842;0.9840912081;1.0028431232;14143.69;0;"2025-03-06T23:59:59.999Z"
"2025-03-05T00:00:00.000Z";"2025-03-05T23:59:59.999Z";"2025-03-05T13:46:00.000Z";"2025-03-05T09:35:00.000Z";"2781";1.0027918129;1.0077068627;0.9914704773;0.9986745946;6308.45;0;"2025-03-05T23:59:59.999Z"
"2025-03-04T00:00:00.000Z";"2025-03-04T23:59:59.999Z";"2025-03-04T01:44:00.000Z";"2025-03-04T14:45:00.000Z";"2781";0.9975085817;1.0300470817;0.9791867248;1.0027918129;3766.37;0;"2025-03-04T23:59:59.999Z"
"2025-03-03T00:00:00.000Z";"2025-03-03T23:59:59.999Z";"2025-03-03T18:57:00.000Z";"2025-03-03T23:09:00.000Z";"2781";1.0014080453;1.0173454175;0.9897361736;0.9975085817;183.67;0;"2025-03-03T23:59:59.999Z"
"2025-03-02T00:00:00.000Z";"2025-03-02T23:59:59.999Z";"2025-03-02T14:59:00.000Z";"2025-03-02T16:55:00.000Z";"2781";1.0012594491;1.0069931239;0.9836663905;1.0014080453;282.41;0;"2025-03-02T23:59:59.999Z"
"2025-03-01T00:00:00.000Z";"2025-03-01T23:59:59.999Z";"2025-03-01T11:33:00.000Z";"2025-03-01T01:59:00.000Z";"2781";1.0013245633;1.0087883009;0.9884453939;1.0012594491;653.73;0;"2025-03-01T23:59:59.999Z"
"2025-02-28T00:00:00.000Z";"2025-02-28T23:59:59.999Z";"2025-02-28T02:57:00.000Z";"2025-02-28T14:24:00.000Z";"2781";0.9967215207;1.0300709528;0.9818201997;1.0013245633;1542.49;0;"2025-02-28T23:59:59.999Z"
"2025-02-27T00:00:00.000Z";"2025-02-27T23:59:59.999Z";"2025-02-27T20:11:00.000Z";"2025-02-27T06:42:00.000Z";"2781";1.0036103426;1.0105606873;0.9921695714;0.9967215207;25.62;0;"2025-02-27T23:59:59.999Z"
"2025-02-26T00:00:00.000Z";"2025-02-26T23:59:59.999Z";"2025-02-26T18:59:00.000Z";"2025-02-26T22:10:00.000Z";"2781";0.9974814308;1.0132721632;0.9860010432;1.0036103426;88.75;0;"2025-02-26T23:59:59.999Z"
"2025-02-25T00:00:00.000Z";"2025-02-25T23:59:59.999Z";"2025-02-25T07:50:00.000Z";"2025-02-25T20:58:00.000Z";"2781";1.0068133304;1.026202736;0.9827287928;0.9974814308;143.49;0;"2025-02-25T23:59:59.999Z"
"2025-02-24T00:00:00.000Z";"2025-02-24T23:59:59.999Z";"2025-02-24T23:06:00.000Z";"2025-02-24T00:13:00.000Z";"2781";1.0026877163;1.0212707747;0.9936551586;1.0068133304;2221.55;0;"2025-02-24T23:59:59.999Z"
"2025-02-23T00:00:00.000Z";"2025-02-23T23:59:59.999Z";"2025-02-23T15:58:00.000Z";"2025-02-23T07:58:00.000Z";"2781";1.000924469;1.0046505801;0.9903807216;1.0026877163;9.35;0;"2025-02-23T23:59:59.999Z"
"2025-02-22T00:00:00.000Z";"2025-02-22T23:59:59.999Z";"2025-02-22T18:59:00.000Z";"2025-02-22T16:34:00.000Z";"2781";0.9997638414;1.0043326915;0.9876419867;1.000924469;439.33;0;"2025-02-22T23:59:59.999Z"
"2025-02-21T00:00:00.000Z";"2025-02-21T23:59:59.999Z";"2025-02-21T15:52:00.000Z";"2025-02-21T09:59:00.000Z";"2781";0.9993147881;1.0196587004;0.9773191112;0.9997638414;200.43;0;"2025-02-21T23:59:59.999Z"
"2025-02-20T00:00:00.000Z";"2025-02-20T23:59:59.999Z";"2025-02-20T00:31:00.000Z";"2025-02-20T02:59:00.000Z";"2781";1.0018823478;1.0018823478;0.9926584582;0.9993147881;7.15;0;"2025-02-20T23:59:59.999Z"
"2025-02-19T00:00:00.000Z";"2025-02-19T23:59:59.999Z";"2025-02-19T15:08:00.000Z";"2025-02-19T06:54:00.000Z";"2781";0.9976441939;1.0063443806;0.9937539606;1.0018823478;1475.41;0;"2025-02-19T23:59:59.999Z"
"2025-02-18T00:00:00.000Z";"2025-02-18T23:59:59.999Z";"2025-02-18T16:43:00.000Z";"2025-02-18T21:11:00.000Z";"2781";1.0046760692;1.0103569409;0.9928529374;0.9976441939;1581.73;0;"2025-02-18T23:59:59.999Z"
"2025-02-17T00:00:00.000Z";"2025-02-17T23:59:59.999Z";"2025-02-17T19:06:00.000Z";"2025-02-17T15:17:00.000Z";"2781";1.0028880906;1.0093891339;0.983492642;1.0046760692;6779.53;0;"2025-02-17T23:59:59.999Z"
"2025-02-16T00:00:00.000Z";"2025-02-16T23:59:59.999Z";"2025-02-16T18:32:00.000Z";"2025-02-16T05:53:00.000Z";"2781";1.0004970899;1.0047777396;0.9924043882;1.0028880906;1495.73;0;"2025-02-16T23:59:59.999Z"
"2025-02-15T00:00:00.000Z";"2025-02-15T23:59:59.999Z";"2025-02-15T14:45:00.000Z";"2025-02-15T21:57:00.000Z";"2781";1.0040949909;1.0074821701;0.9980097436;1.0004970899;1154.26;0;"2025-02-15T23:59:59.999Z"
"2025-02-14T00:00:00.000Z";"2025-02-14T23:59:59.999Z";"2025-02-14T21:15:00.000Z";"2025-02-14T17:54:00.000Z";"2781";0.9950571347;1.0067982063;0.9879918572;1.0040949909;537.06;0;"2025-02-14T23:59:59.999Z"
"2025-02-13T00:00:00.000Z";"2025-02-13T23:59:59.999Z";"2025-02-13T14:18:00.000Z";"2025-02-13T00:41:00.000Z";"2781";0.9818340861;1.0088102995;0.9818340861;0.9950571347;8.97;0;"2025-02-13T23:59:59.999Z"
"2025-02-12T00:00:00.000Z";"2025-02-12T23:59:59.999Z";"2025-02-12T13:55:00.000Z";"2025-02-12T22:54:00.000Z";"2781";1.0034731007;1.0168695008;0.9818340861;0.9818340861;1686.83;0;"2025-02-12T23:59:59.999Z"
"2025-02-11T00:00:00.000Z";"2025-02-11T23:59:59.999Z";"2025-02-11T13:52:00.000Z";"2025-02-11T06:56:00.000Z";"2781";1.0030947735;1.0123520281;0.9950785141;1.0034731007;7.33;0;"2025-02-11T23:59:59.999Z"
"2025-02-10T00:00:00.000Z";"2025-02-10T23:59:59.999Z";"2025-02-10T01:56:00.000Z";"2025-02-10T00:56:00.000Z";"2781";0.989110086;1.0191107163;0.989110086;1.0030947735;7.83;0;"2025-02-10T23:59:59.999Z"
"2025-02-09T00:00:00.000Z";"2025-02-09T23:59:59.999Z";"2025-02-09T21:57:00.000Z";"2025-02-09T03:48:00.000Z";"2781";1.0011920707;1.0191594069;0.9873655484;0.989110086;55.05;0;"2025-02-09T23:59:59.999Z"
"2025-02-08T00:00:00.000Z";"2025-02-08T23:59:59.999Z";"2025-02-08T16:22:00.000Z";"2025-02-08T00:39:00.000Z";"2781";0.9939634615;1.0052626569;0.9912511973;1.0011920707;40;0;"2025-02-08T23:59:59.999Z"
"2025-02-07T00:00:00.000Z";"2025-02-07T23:59:59.999Z";"2025-02-07T21:09:00.000Z";"2025-02-07T01:58:00.000Z";"2781";1.0038939245;1.0165080446;0.9904091278;0.9939634615;46.84;0;"2025-02-07T23:59:59.999Z"
"2025-02-06T00:00:00.000Z";"2025-02-06T23:59:59.999Z";"2025-02-06T11:55:00.000Z";"2025-02-06T01:33:00.000Z";"2781";1.0018486135;1.0043460686;0.9889324518;1.0038939245;120.22;0;"2025-02-06T23:59:59.999Z"
"2025-02-05T00:00:00.000Z";"2025-02-05T23:59:59.999Z";"2025-02-05T17:39:00.000Z";"2025-02-05T06:07:00.000Z";"2781";0.9945631388;1.0095713184;0.9857914211;1.0018486135;109.91;0;"2025-02-05T23:59:59.999Z"
"2025-02-04T00:00:00.000Z";"2025-02-04T23:59:59.999Z";"2025-02-04T05:59:00.000Z";"2025-02-04T11:58:00.000Z";"2781";1.005045235;1.0253447659;0.9889304087;0.9945631388;3411.13;0;"2025-02-04T23:59:59.999Z"